mut	fit
L370S	1.3295349131922443
E344K	0.45810686349544033
E368K	0.2589382859445557
K369T	1.0002429753435247
N329D	0.8854646105989132
S367N	0.7835212563383898
K328N	0.8462281138653691
K369E	0.8525629177214342
N329S	1.2202124637845821
K369D	0.7676868162041144
S367G	1.0545168522624517
E344R	0.37100982366221247
